,Cash,Australian Short Duration Bond,Australian Fixed Income,Global Fixed Income (Hedged),Global Credit (Hedged),Australian Listed Equity,Global Listed Equity (Unhedged),Global Listed Equity (Hedged),Australian Listed Property,Global Infrastructure (Unhedged),Global Private Equity
Jan 2006,0.0047899630,0.0046846810,0.0016531900,0.0003023000,0.0002472340,0.0355675730,0.0480241580,0.0365601730,-0.0117169470,0.0139854540,-0.0076083970
Feb 2006,0.0043051980,0.0039936600,0.0057107970,0.0036577240,0.0037075940,0.0058019440,-0.0024166560,0.0043456900,0.0349629850,0.0354100860,0.0324683030
Mar 2006,0.0047400610,0.0004842040,0.0011376190,-0.0085817770,-0.0108354370,0.0477110100,0.0191005650,0.0257270620,-0.0044114560,0.0184989800,0.0590808100
Apr 2006,0.0044220170,0.0043393160,-0.0055829960,-0.0024787230,-0.0023650960,0.0260244370,0.0301709690,0.0128431620,-0.0018141290,-0.0315881200,-0.0845018880
May 2006,0.0048364040,0.0033063300,0.0039850280,0.0036515510,0.0024330900,-0.0473595220,-0.0420968550,-0.0454819780,-0.0147465900,0.0013904680,-0.0540580320
Jun 2006,0.0048047430,0.0027631290,0.0017347580,0.0003674180,-0.0006223550,0.0204044660,-0.0020382950,0.0059474590,0.0616724840,0.0164135810,0.0132755120
Jul 2006,0.0048233420,0.0070734900,0.0008130800,0.0119643830,0.0130775940,-0.0168118410,0.0057869650,0.0078945730,0.0257591490,-0.0223104690,-0.0215067910
Aug 2006,0.0052260200,0.0057753490,0.0105641900,0.0155052210,0.0154905340,0.0334289830,0.0237838840,0.0273563310,0.0382345540,0.0246192370,0.0400873880
Sep 2006,0.0051087470,0.0021171540,0.0084021770,0.0078351940,0.0087167070,0.0131123200,0.0110296330,0.0198441810,0.0384816330,0.0275318280,0.0498669640
Oct 2006,0.0050647910,0.0061080780,-0.0018520530,0.0059638590,0.0074411910,0.0471357890,0.0358491130,0.0315122340,0.0093362420,0.0106367060,0.0091350870
Nov 2006,0.0051574640,0.0034907400,0.0075665560,0.0093147440,0.0104241120,0.0237056630,0.0262576410,0.0167077760,0.0540178890,0.0135148180,-0.0056423990
Dec 2006,0.0053361920,0.0061681410,-0.0030351490,-0.0040002400,-0.0058362320,0.0367053300,0.0212516080,0.0287628000,0.0715558580,0.0176390190,0.0352950660
Jan 2007,0.0054831370,0.0066576050,0.0046786230,0.0003939010,0.0001185960,0.0188658650,0.0094737420,0.0179439610,0.0237053670,0.0271878580,0.0506084150
Feb 2007,0.0049201130,0.0022182250,0.0119679070,0.0131575330,0.0164235740,0.0162039460,-0.0074319190,-0.0104574850,-0.0053370700,0.0022743550,-0.0048797980
Mar 2007,0.0052352330,0.0069959770,-0.0026553470,0.0005400790,-0.0022166480,0.0330245370,0.0168333610,0.0173986830,-0.0404545990,-0.0005955230,-0.0120255130
Apr 2007,0.0054750450,0.0042302040,0.0069177620,0.0040177210,0.0047939200,0.0299890260,0.0417629670,0.0360892740,0.0337121060,0.0003636400,-0.0095379060
May 2007,0.0054015720,0.0025863700,0.0004868730,-0.0059694400,-0.0067492870,0.0264260060,0.0269064080,0.0361967180,0.0417431060,0.0066708110,0.0347446470
Jun 2007,0.0051844660,0.0043791670,-0.0045044710,-0.0027195960,-0.0037490480,-0.0011312680,-0.0050744840,-0.0034216010,-0.0477690750,-0.0650427930,-0.0525750740
Jul 2007,0.0052519690,0.0052588600,0.0066897960,0.0108602400,0.0058211320,-0.0204187830,-0.0161848250,-0.0219325160,-0.0464870680,-0.0273191460,-0.0614414310
Aug 2007,0.0053072130,0.0039316490,0.0085808410,0.0127992690,0.0091780660,0.0222168490,-0.0041320190,-0.0006952850,0.0780990200,0.0473418950,0.0211055280
Sep 2007,0.0057263150,0.0014100140,-0.0004846590,0.0052868860,0.0056768810,0.0558148310,0.0496611090,0.0339003180,0.0231511530,-0.0467348860,-0.0962446820
Oct 2007,0.0057301060,0.0019396330,-0.0003934390,0.0095630740,0.0109440700,0.0294207020,0.0370243060,0.0293145710,-0.0044751340,-0.0057286360,-0.0277823320
Nov 2007,0.0055706320,0.0054732010,0.0045609590,0.0132728930,0.0054127970,-0.0289233000,-0.0446280600,-0.0457758830,-0.0642245840,0.0508752410,-0.0289916290
Dec 2007,0.0060303140,0.0077903600,-0.0016122650,0.0033600270,0.0031735240,-0.0263537670,-0.0111515870,-0.0042223240,-0.0664715830,-0.0002759760,-0.0635772560
Jan 2008,0.0059688000,-0.0027792730,0.0122215050,0.0180344020,0.0125409560,-0.1099700740,-0.0823496980,-0.0851905310,-0.1432608920,-0.0612087730,-0.1249514200
Feb 2008,0.0054136150,0.0091551440,-0.0061602230,0.0059943540,0.0022874360,-0.0066630100,0.0006554330,-0.0051365150,-0.0558319640,-0.0513135110,-0.0226586970
Mar 2008,0.0066605000,0.0062119650,0.0160309720,0.0030467020,-0.0070136380,-0.0341957260,-0.0161021810,-0.0209594640,-0.0004138150,0.0101332880,-0.0420848820
Apr 2008,0.0065321950,0.0051094790,0.0001525250,-0.0013888500,0.0078479740,0.0451208760,0.0521760840,0.0640110490,0.0418351750,0.0056087770,0.0178489080
May 2008,0.0065591530,0.0043961660,0.0010897720,-0.0050768400,-0.0036709490,0.0171034480,0.0113888010,0.0197072240,-0.0890501080,0.0145900220,-0.0034688700
Jun 2008,0.0062893620,0.0138449900,0.0028764340,0.0008136060,-0.0036286500,-0.0756611750,-0.0840110520,-0.0811533320,-0.1130426100,-0.0504145600,-0.1395793380
Jul 2008,0.0066784410,0.0143459710,0.0178750430,0.0119770540,0.0074518150,-0.0469467370,-0.0258672210,-0.0177019570,-0.0494096150,0.0116557310,0.0280354600
Aug 2008,0.0066788480,-0.0021592300,0.0216251570,0.0147268700,0.0126800510,0.0403810120,-0.0228149100,0.0072635190,0.0997265810,0.0922866180,0.1347153310
Sep 2008,0.0058613010,0.0210250810,0.0128498840,-0.0064609990,-0.0488769290,-0.0993927140,-0.1259155180,-0.1150154660,-0.0592970800,-0.0214994500,-0.0360734350
Oct 2008,0.0071439930,0.0169191420,0.0200800800,-0.0080699170,-0.0453836830,-0.1288352870,-0.1970655630,-0.1964803270,-0.2537037880,0.0657503850,-0.1266832010
Nov 2008,0.0054467400,0.0071060270,0.0296020640,0.0304570800,0.0287304180,-0.0629526380,-0.0677258590,-0.0563605930,-0.0014864310,-0.0125777190,-0.2439619820
Dec 2008,0.0042569740,0.0146673900,0.0124798840,0.0254266780,0.0332196610,-0.0013705720,0.0340384700,0.0145025140,-0.1040469450,-0.0610451410,-0.1618978640
Jan 2009,0.0040056950,-0.0017483410,0.0140671000,-0.0061629590,-0.0002276220,-0.0483981290,-0.0851891130,-0.0700829290,-0.0960458330,0.0482805470,-0.0127819860
Feb 2009,0.0029100920,-0.0038522430,-0.0122805910,0.0020999450,-0.0079685810,-0.0455987980,-0.1015262750,-0.0812161310,-0.1637315080,-0.1054010230,-0.1884428940
Mar 2009,0.0026290340,0.0068582150,0.0011525840,0.0105276080,0.0024671520,0.0806977700,0.0770347270,0.0644854190,0.0039574710,-0.0776384180,0.0004709270
Apr 2009,0.0026433010,0.0091404340,0.0000353274,0.0063828340,0.0245535710,0.0570476120,0.1148989270,0.1040934230,0.0624119580,-0.0114962610,0.2671080830
May 2009,0.0025143690,0.0032216150,-0.0071947590,0.0038458750,0.0270375960,0.0145713510,0.0952679410,0.0642247960,0.0424080940,-0.0439872110,-0.0168912260
Jun 2009,0.0026748600,0.0069273750,-0.0061424570,0.0113016530,0.0230078870,0.0395993850,-0.0088289390,-0.0013473080,0.0489499490,0.0185754560,0.0165582920
Jul 2009,0.0026510180,0.0043440410,0.0031363660,0.0154650940,0.0329115270,0.0733922400,0.0862303600,0.0783982200,0.0236047700,0.0088794320,0.0663976510
Aug 2009,0.0025303010,0.0072711690,0.0071646190,0.0126328310,0.0198177790,0.0663864210,0.0324221720,0.0335426530,0.1611677480,0.0118828240,0.0585349560
Sep 2009,0.0028294490,0.0025421880,0.0072354210,0.0105314970,0.0172622650,0.0626474680,0.0418474660,0.0343326050,0.1003511760,-0.0172380720,0.0155821860
Oct 2009,0.0025577730,0.0091008750,-0.0007545090,0.0045626920,0.0086335220,-0.0207104210,-0.0167654950,-0.0173184190,-0.0897730230,-0.0454584840,-0.0757612070
Nov 2009,0.0030354400,0.0039600610,0.0149821470,0.0127878340,0.0142168440,0.0180173900,0.0397027680,0.0336929200,0.0095525780,0.0482309800,-0.0108160890
Dec 2009,0.0032261070,0.0077767350,-0.0038123390,-0.0061815070,-0.0028132120,0.0368877410,0.0197838620,0.0401954040,0.0339697340,0.0364501830,0.0841328190
Jan 2010,0.0034686560,0.0059714800,0.0134671360,0.0135014460,0.0187265920,-0.0616702730,-0.0428629470,-0.0334424110,-0.0297811620,-0.0138538340,0.0618534000
Feb 2010,0.0034528720,0.0009850360,0.0049604360,0.0076459440,0.0069709700,0.0204594340,0.0105058370,0.0190334460,0.0141809020,-0.0015626700,0.0176143440
Mar 2010,0.0032679180,0.0058786060,-0.0058329100,0.0055754800,0.0100047420,0.0574136140,0.0613295060,0.0662928160,-0.0003268910,0.0136158250,0.0807753880
Apr 2010,0.0034638040,0.0072947850,0.0055095820,0.0088022580,0.0132857610,-0.0134596950,0.0000000000,0.0062520540,0.0390575510,-0.0091553660,0.0250492570
May 2010,0.0037524320,0.0064652690,0.0164530990,0.0118465100,-0.0000926612,-0.0754007990,-0.0956166100,-0.0756405460,-0.0427098380,0.0232262090,0.0293138040
Jun 2010,0.0039508140,0.0055730240,0.0136508410,0.0124991390,0.0154758600,-0.0264671500,-0.0324215900,-0.0339026720,-0.0101800380,0.0148799450,-0.0275128770
Jul 2010,0.0042213510,0.0096913520,0.0027274740,0.0114203780,0.0182058770,0.0447606820,0.0787757720,0.0598514000,0.0110270780,-0.0137186400,-0.0330728290
Aug 2010,0.0040598480,-0.0010548040,0.0192062310,0.0208251290,0.0243334080,-0.0108101730,-0.0368261070,-0.0284514560,0.0351860660,0.0187777300,-0.0028103930
Sep 2010,0.0037148720,0.0072933110,-0.0090245860,0.0019777770,0.0064310090,0.0478773570,0.0922479780,0.0711135120,-0.0085308660,-0.0490397590,-0.0249386560
Oct 2010,0.0041992270,0.0035286340,0.0000046594,0.0028952990,0.0049119760,0.0183524910,0.0356027900,0.0313063550,-0.0037454900,0.0140880760,0.0482341590
Nov 2010,0.0038871620,0.0039709040,-0.0021979160,-0.0074500360,-0.0084349860,-0.0096835000,-0.0233468030,-0.0006096660,-0.0197280510,0.0003616610,0.0590102350
Dec 2010,0.0042417800,0.0082144070,0.0002656830,-0.0001913250,-0.0011342320,0.0377321210,0.0710251530,0.0566866210,0.0119806840,-0.0312031760,-0.0073533830
Jan 2011,0.0042842880,0.0052248190,0.0092016340,0.0008651750,0.0037122770,0.0010535200,0.0163105130,0.0185881860,0.0236610050,0.0384584830,0.0265171680
Feb 2011,0.0037098760,0.0070210030,0.0042416830,0.0053127030,0.0094856840,0.0233186640,0.0271501400,0.0261153360,0.0334861540,0.0046938250,0.0266904620
Mar 2011,0.0041879340,0.0052473600,0.0068283600,0.0033551530,0.0031465520,0.0066809780,-0.0041117210,-0.0023065250,-0.0194676130,-0.0402408880,-0.0325965120
Apr 2011,0.0040264880,0.0071713170,0.0047893980,0.0123916520,0.0163279340,-0.0031776070,0.0379250350,0.0238912210,0.0030460890,-0.0314723930,-0.0437821570
May 2011,0.0041648750,0.0054508030,0.0128392310,0.0138467320,0.0142053860,-0.0201766100,-0.0241795710,-0.0094178740,-0.0002235400,0.0189086680,0.0276741690
Jun 2011,0.0040418940,0.0068539490,0.0055140920,0.0022430390,-0.0012922590,-0.0197558340,-0.0176158860,-0.0126745530,-0.0076627260,-0.0038153410,-0.0490070970
Jul 2011,0.0041823150,0.0066965290,0.0167364600,0.0149431660,0.0215794310,-0.0383089990,-0.0171611490,-0.0206258850,-0.0644602810,-0.0349457050,-0.0496395980
Aug 2011,0.0042622270,0.0029477130,0.0199127890,0.0167963950,0.0025740550,-0.0197851110,-0.0760253320,-0.0681124540,0.0289430900,0.0027545700,-0.1038755740
Sep 2011,0.0038683180,0.0015332920,0.0090017160,0.0105087910,0.0010595810,-0.0627538600,-0.0945526940,-0.0622337310,-0.0457904980,0.0654118330,0.0135123110
Oct 2011,0.0042013230,0.0094049050,-0.0057155420,0.0034077030,0.0171389020,0.0723149340,0.1039578980,0.0863531500,0.0378123710,-0.0234842730,0.0060322480
Nov 2011,0.0039235020,0.0029678490,0.0173318820,-0.0019974910,-0.0158094860,-0.0343872380,-0.0306275710,-0.0128985890,0.0265419430,0.0243762700,0.0003936660
Dec 2011,0.0040321690,0.0065403270,0.0077936230,0.0189729280,0.0225701500,-0.0143895310,-0.0026610080,0.0085724120,-0.0255479940,0.0271170370,0.0143595550
Jan 2012,0.0038936380,0.0023018870,0.0013582220,0.0133401560,0.0235036790,0.0513190130,0.0562329020,0.0490217310,0.0540239280,-0.0334732460,0.0380795830
Feb 2012,0.0033245430,0.0087683840,-0.0021208140,0.0068285890,0.0129002180,0.0203549310,0.0491782310,0.0501345180,0.0225407710,0.0010106890,0.0239289370
Mar 2012,0.0039046100,0.0079323560,0.0086151230,0.0019738090,0.0026852850,0.0121740270,0.0053029380,0.0170039860,-0.0059444020,0.0402514980,0.0660205990
Apr 2012,0.0037831030,0.0144059160,0.0159399280,0.0096029080,0.0109419240,0.0130313250,-0.0149457350,-0.0120798840,0.0541958540,0.0090350580,-0.0292706440
May 2012,0.0038096990,0.0008004260,0.0309656360,0.0145990720,0.0101801390,-0.0673736400,-0.0919274920,-0.0681590420,-0.0123699720,0.0266568450,0.0254541400
Jun 2012,0.0028378310,0.0048249320,-0.0016304790,0.0013961540,0.0058816920,0.0053553450,0.0467362570,0.0417714030,0.0433776540,-0.0112500180,0.0002890270
Jul 2012,0.0029248970,0.0072179310,0.0037157130,0.0161819350,0.0268528860,0.0419933680,0.0105552860,0.0139213830,0.0555180770,-0.0103718130,0.0202518560
Aug 2012,0.0029911460,0.0083260650,0.0062755510,0.0054381280,0.0085234490,0.0213689480,0.0202813110,0.0203513590,-0.0012911970,0.0054008640,0.0277145270
Sep 2012,0.0031321020,0.0060382280,0.0097300720,0.0067427190,0.0094224270,0.0218141090,0.0295817110,0.0267946760,0.0120080230,0.0061296570,0.0180780800
Oct 2012,0.0029658020,0.0027026560,0.0001815460,0.0057540500,0.0129328770,0.0291836600,-0.0086927350,-0.0028522140,0.0532485800,0.0115616460,0.0153708880
Nov 2012,0.0025433680,0.0053398130,0.0000777143,0.0074077970,0.0059793890,0.0039177630,0.0111381190,0.0170526630,-0.0128051290,-0.0200864350,-0.0016573640
Dec 2012,0.0028751540,0.0027346670,0.0018191540,0.0034303160,0.0051746440,0.0333310520,0.0211484040,0.0233951950,0.0286271460,0.0187617060,0.0368113710
Jan 2013,0.0026843540,0.0044563940,-0.0022589770,-0.0030674000,-0.0058088980,0.0497974350,0.0448477260,0.0500700880,0.0440556210,0.0376129740,0.0471569090
Feb 2013,0.0022456540,0.0016624220,0.0059419450,0.0082899010,0.0098663490,0.0529156220,-0.0030516500,0.0120934550,0.0353279740,0.0399978150,0.0951867080
Mar 2013,0.0024631430,0.0075155390,-0.0020274240,0.0074673320,0.0052314300,-0.0225382040,0.0167925390,0.0252064480,-0.0258214410,0.0177940480,0.0098047400
Apr 2013,0.0026138460,0.0040988680,0.0154205940,0.0132574890,0.0182664140,0.0429640260,0.0252933070,0.0254969460,0.0815789930,0.0542392080,0.0248317240
May 2013,0.0025687450,-0.0003261320,-0.0007450970,-0.0130923290,-0.0145879170,-0.0453761810,-0.0007957850,0.0191109020,-0.0366301690,0.0277123270,0.0786522240
Jun 2013,0.0022993540,0.0072202020,-0.0104632970,-0.0123972340,-0.0236312430,-0.0240284490,-0.0307857080,-0.0278563050,-0.0096832710,0.0303309220,0.0333226840
Jul 2013,0.0025316030,0.0020397240,0.0085549850,0.0062932640,0.0107647930,0.0529701420,0.0474328460,0.0462125990,-0.0070469850,0.0471451530,0.0570529350
Aug 2013,0.0023137470,0.0041481060,-0.0032066240,-0.0016590450,-0.0044897680,0.0251295240,-0.0237245040,-0.0179976750,-0.0007243800,-0.0369512840,-0.0059473950
Sep 2013,0.0021103260,0.0023432070,0.0050073880,0.0097732300,0.0102087190,0.0216207900,0.0491839620,0.0388278570,0.0093353230,-0.0067149070,-0.0053773650
Oct 2013,0.0021796640,0.0030723930,-0.0005619690,0.0110730170,0.0151929400,0.0393463050,0.0388495670,0.0408891600,0.0264124600,0.0175472270,0.0286575320
Nov 2013,0.0021318050,0.0034550480,-0.0009872690,0.0005052220,0.0003409010,-0.0135757550,0.0144654890,0.0222343370,-0.0273286810,0.0220384370,0.0661956190
Dec 2013,0.0021477060,0.0042939970,0.0052518120,-0.0035548110,-0.0016016900,0.0082348700,0.0171912590,0.0200406370,-0.0126161140,0.0352075770,0.0373170750
Jan 2014,0.0022425760,0.0039838910,0.0108748260,0.0167402560,0.0166228620,-0.0299552400,-0.0403054940,-0.0326526560,0.0041058780,0.0101296990,0.0156129750
Feb 2014,0.0019931630,0.0014665360,0.0034132090,0.0067135410,0.0103411230,0.0491639910,0.0458232790,0.0407809580,0.0426261580,0.0155532290,0.0045683760
Mar 2014,0.0021798050,0.0043250120,0.0001896620,0.0030781340,0.0036886880,0.0020944610,0.0012273250,0.0053946410,-0.0158052370,-0.0229161960,-0.0327727340
Apr 2014,0.0022144770,0.0046376030,0.0090671770,0.0089929090,0.0116544710,0.0168356440,0.0071587930,0.0077177230,0.0562866410,0.0193375650,-0.0392250200
May 2014,0.0022486280,0.0040657430,0.0137281090,0.0117386330,0.0149893630,0.0064520740,0.0183783260,0.0252547930,0.0004667850,0.0161050010,0.0352903480
Jun 2014,0.0022021480,0.0030800960,0.0080454130,0.0054601350,0.0044497470,-0.0144684340,0.0177359210,0.0173280010,0.0333072840,0.0233416570,0.0148867090
Jul 2014,0.0022991830,0.0036665340,0.0029120550,0.0046055100,0.0038522040,0.0441236720,-0.0145145380,-0.0030743610,0.0495692310,-0.0059645940,-0.0054700510
Aug 2014,0.0022661450,0.0019453130,0.0101417150,0.0142611540,0.0155735350,0.0064235950,0.0206148710,0.0280764080,0.0167599670,0.0303640250,0.0227926860
Sep 2014,0.0020737400,0.0034107530,-0.0033299930,-0.0011428120,-0.0062976260,-0.0536740690,-0.0315002920,-0.0113327920,-0.0513659450,0.0384626930,0.0506012410
Oct 2014,0.0023114610,0.0038375050,0.0095665390,0.0095389490,0.0104252490,0.0426544170,0.0049667280,0.0126330130,0.0652775770,0.0349458870,0.0015314720
Nov 2014,0.0022487590,0.0056651040,0.0126763890,0.0117283330,0.0094395840,-0.0324229770,0.0176095200,0.0311964440,-0.0000205361,0.0301507540,0.0767367270
Dec 2014,0.0023181180,0.0046987920,0.0168514470,0.0075097200,0.0029203430,0.0204025250,-0.0203225200,-0.0086359430,0.0449255980,0.0442049020,0.0612607120
Jan 2015,0.0025142670,0.0050163760,0.0161036420,0.0217725270,0.0255560370,0.0322358990,-0.0162439240,-0.0033489620,0.0744016230,0.0544506860,0.1301108050
Feb 2015,0.0020897330,0.0038878440,0.0027981750,-0.0040605200,-0.0031413300,0.0692222840,0.0535972010,0.0571314250,0.0368633340,-0.0193018550,0.0483778840
Mar 2015,0.0020528700,-0.0005344970,0.0075970380,0.0078423640,0.0057873530,-0.0005173750,-0.0175063850,-0.0021350010,-0.0196107650,0.0038727600,0.0589323900
Apr 2015,0.0017972230,0.0036076070,-0.0110798820,-0.0035442380,-0.0031632220,-0.0164749470,0.0275545890,0.0175474130,-0.0098959670,-0.0185118150,-0.0424656090
May 2015,0.0020026330,0.0000615271,0.0003617440,-0.0026009230,-0.0024479430,0.0042871450,-0.0032887170,0.0098727900,0.0272553980,0.0141161110,0.0788823880
Jun 2015,0.0017589490,0.0036352000,-0.0092566990,-0.0106770590,-0.0148751820,-0.0531525870,-0.0247813750,-0.0269098310,-0.0397270780,-0.0499509790,-0.0437982620
Jul 2015,0.0018036210,0.0035349000,0.0130001260,0.0121091770,0.0099947720,0.0431341490,0.0079735010,0.0196770940,0.0566900650,0.0786803180,0.0949907540
Aug 2015,0.0018094360,0.0006966980,0.0063707990,-0.0009851480,-0.0043846290,-0.0769773490,-0.0691516830,-0.0664302200,-0.0402066740,-0.0325665440,-0.0492840380
Sep 2015,0.0017618520,0.0032717950,0.0025002280,0.0075308740,0.0028442110,-0.0285787760,-0.0378000810,-0.0327525110,-0.0028293900,-0.0006251150,-0.0422123440
Oct 2015,0.0018910780,-0.0012621790,0.0029917660,0.0049104680,0.0080204930,0.0442046640,0.0779935530,0.0771904420,0.0487193010,0.0274332890,0.0526979150
Nov 2015,0.0016670440,0.0009248990,-0.0087592800,0.0020371080,0.0024807890,-0.0068165580,-0.0100649110,0.0046673620,-0.0283252150,-0.0469461800,0.0352526410
Dec 2015,0.0019155020,0.0034782330,0.0033283330,-0.0009577330,-0.0048587640,0.0272807480,-0.0203344880,-0.0197949540,0.0404494540,-0.0321868980,-0.0716407140
Jan 2016,0.0020100610,0.0032188690,0.0122220810,0.0165169120,0.0080363910,-0.0544972870,-0.0603895620,-0.0536238110,0.0094928310,0.0228472660,-0.0472879100
Feb 2016,0.0017788320,0.0008068870,0.0103433940,0.0109175220,0.0079121540,-0.0172471410,-0.0087241880,-0.0125181280,0.0280950990,0.0043024080,-0.0202670520
Mar 2016,0.0019806370,0.0043618480,-0.0021318850,0.0092474600,0.0199683610,0.0477615460,0.0703808370,0.0547217310,0.0249743370,-0.0026806520,-0.0219442950
Apr 2016,0.0019894920,0.0054956970,0.0025871930,0.0030805270,0.0098033480,0.0333976450,0.0123711340,0.0082014560,0.0275619550,0.0161453400,0.0137400000
May 2016,0.0019351060,0.0032857730,0.0125605370,0.0056622680,0.0032457180,0.0313632320,-0.0011673540,0.0161784180,0.0267590870,0.0417432820,0.0880351730
Jun 2016,0.0016484130,0.0033323250,0.0132685110,0.0197597200,0.0191802190,-0.0244222950,-0.0083302250,-0.0087781200,0.0352811300,0.0141406690,-0.0763843610
Jul 2016,0.0017301520,0.0042164110,0.0073537860,0.0070208530,0.0155599010,0.0635922700,0.0411233700,0.0410209660,0.0536468880,-0.0026174380,0.0410356900
Aug 2016,0.0016892720,0.0020860760,0.0042183230,0.0005425500,0.0055257870,-0.0155685440,0.0021435450,0.0084815680,-0.0267858430,-0.0219284750,0.0282164700
Sep 2016,0.0014159320,0.0006627490,-0.0022481390,0.0007047540,-0.0009436580,0.0051434230,0.0039654880,0.0030461990,-0.0431163800,-0.0018953420,-0.0182991750
Oct 2016,0.0014612040,0.0004358050,-0.0127639340,-0.0090397550,-0.0075841760,-0.0217479380,-0.0176425530,-0.0041995010,-0.0769923780,-0.0136182090,0.0134061550
Nov 2016,0.0014454760,0.0010945460,-0.0143994450,-0.0162583390,-0.0204070210,0.0280495280,0.0061164320,0.0219517710,0.0074702690,-0.0021708160,0.0849662870
Dec 2016,0.0014513170,0.0049700000,-0.0017156300,0.0035540800,0.0070869290,0.0434044010,0.0202722340,0.0257404370,0.0675159800,0.0502297640,0.0549299030
Jan 2017,0.0015699610,0.0025527770,0.0061191010,-0.0025707800,0.0022132680,-0.0077468220,0.0263738870,0.0166679800,-0.0471067890,-0.0311880690,-0.0294013450
Feb 2017,0.0013444340,0.0036198590,0.0017199710,0.0091475210,0.0118346550,0.0218313260,0.0261587570,0.0298873200,0.0412770580,0.0213719140,0.0127412090
Mar 2017,0.0015015190,0.0038416110,0.0044111820,0.0002526050,0.0001399070,0.0327526400,0.0095341130,0.0111799130,0.0070683970,0.0129816380,0.0148912150
Apr 2017,0.0014850580,0.0047208950,0.0075143200,0.0074063790,0.0091206670,0.0098275630,0.0146014740,0.0137038620,0.0255912390,0.0335933730,0.0552789250
May 2017,0.0014874340,-0.0004336400,0.0116534100,0.0064185450,0.0093154790,-0.0274314830,0.0205527680,0.0182536290,-0.0100478900,0.0370864400,0.0070755380
Jun 2017,0.0014330350,0.0038201910,-0.0089776040,-0.0021633410,0.0003021560,0.0022053220,0.0022208810,0.0029130020,-0.0451083210,-0.0453818210,-0.0421402320
Jul 2017,0.0014574620,0.0015921700,0.0024791240,0.0036525790,0.0070024170,0.0001405640,0.0264409110,0.0187059940,-0.0015239580,-0.0242543920,-0.0414920170
Aug 2017,0.0014208170,0.0015960560,-0.0000589045,0.0095706950,0.0091352840,0.0074935610,0.0020121570,0.0044870440,0.0151346970,0.0245407270,-0.0119493450
Sep 2017,0.0014161150,0.0049380850,-0.0031139290,-0.0043309350,-0.0024590610,0.0003526270,0.0185123210,0.0223747210,0.0057182560,0.0033350860,0.0571430250
Oct 2017,0.0014680390,0.0029810260,0.0109467930,0.0046524660,0.0063117970,0.0401535280,0.0201474610,0.0279936160,0.0224621070,0.0351408420,0.0390093100
Nov 2017,0.0013323250,0.0004419400,0.0086953040,0.0018868400,0.0001345970,0.0169344990,0.0181993880,0.0135735030,0.0529013280,0.0302162090,-0.0203383410
Dec 2017,0.0014330640,0.0027211320,-0.0052021630,0.0023899960,0.0052216510,0.0185883900,0.0143150900,0.0127750630,0.0012222040,-0.0479539960,-0.0184082250
Jan 2018,0.0015585020,0.0022797960,-0.0026766030,-0.0068505180,-0.0066939780,-0.0039111340,0.0564522420,0.0416593510,-0.0324572400,-0.0359473640,0.0018345610
Feb 2018,0.0013378540,0.0012045850,0.0029320190,-0.0023079650,-0.0088686420,0.0033813640,-0.0436010040,-0.0374376040,-0.0315096580,-0.0152732760,0.0043480230
Mar 2018,0.0013828720,0.0013585370,0.0084230000,0.0083564260,0.0031277200,-0.0372557840,-0.0228425910,-0.0222290010,0.0011225480,0.0219151660,-0.0306146290
Apr 2018,0.0016406190,0.0029514490,-0.0034669800,-0.0038326570,-0.0049345230,0.0377846340,0.0073249230,0.0185370280,0.0427644590,0.0407235640,0.0508309480
May 2018,0.0017266830,0.0021325290,0.0068598280,0.0036833490,0.0034603960,0.0119337060,-0.0020188160,0.0089168980,0.0297564120,-0.0051826010,0.0320388470
Jun 2018,0.0015139120,0.0023386000,0.0047719990,0.0016605920,-0.0020908000,0.0318760850,-0.0074042070,-0.0004919420,0.0227091450,0.0347798710,0.0326675590
Jul 2018,0.0019028610,0.0037272060,0.0015950990,0.0001784080,0.0054964490,0.0130580570,0.0290858730,0.0303607290,0.0095467000,0.0234526860,0.0463881580
Aug 2018,0.0016742120,0.0018130330,0.0081111510,0.0029265460,0.0046004380,0.0140327460,0.0065948860,0.0121058110,0.0260810010,0.0245417300,0.0324708230
Sep 2018,0.0015781230,0.0030175240,-0.0042489120,-0.0037970290,-0.0029092480,-0.0119363580,0.0030752770,0.0060492790,-0.0154772650,-0.0057478400,0.0074310550
Oct 2018,0.0016808200,0.0010036600,0.0048438490,-0.0022712100,-0.0076995810,-0.0615605100,-0.0756750580,-0.0699218030,-0.0311653780,-0.0011285360,-0.0482773930
Nov 2018,0.0015455460,0.0033933330,0.0024284750,0.0044911520,-0.0013340590,-0.0217621420,0.0132674080,0.0138003390,-0.0027059130,-0.0024529670,-0.0529678740
Dec 2018,0.0015223430,0.0027506510,0.0150335470,0.0143268250,0.0117499520,-0.0022661590,-0.0724829210,-0.0767080990,0.0173094240,-0.0170463800,-0.0671113300
Jan 2019,0.0018030450,0.0044878040,0.0063997910,0.0096512190,0.0167061870,0.0386776610,0.0781691840,0.0708287790,0.0595852550,0.0452546180,0.0720183700
Feb 2019,0.0017300900,0.0059454050,0.0093746650,0.0006849470,0.0036308700,0.0600841430,0.0250279560,0.0312172010,0.0179738290,0.0533009150,0.0608837020
Mar 2019,0.0016538730,0.0042884090,0.0182159520,0.0174014650,0.0204652880,0.0073312880,0.0102943510,0.0161037110,0.0604436000,0.0236030920,0.0175150550
Apr 2019,0.0016368230,0.0041453180,0.0028433810,-0.0000147797,0.0049943070,0.0246161200,0.0324923920,0.0368810170,-0.0229285120,0.0151657070,0.0747390270
May 2019,0.0015095720,0.0042843060,0.0170095900,0.0137807770,0.0107114350,0.0174569280,-0.0636813080,-0.0606706240,0.0230375300,0.0022505610,-0.0229067520
Jun 2019,0.0013243750,0.0043579380,0.0104048220,0.0129043480,0.0186227800,0.0364383460,0.0639507730,0.0571337600,0.0416358130,0.0184726550,0.0491161420
Jul 2019,0.0011982300,0.0023814680,0.0094920700,0.0068934080,0.0079781910,0.0296958450,0.0016224470,0.0085798590,0.0261112410,0.0231385310,0.0586970200
Aug 2019,0.0008358950,0.0005096780,0.0151181200,0.0220329180,0.0231000170,-0.0227181020,-0.0251357790,-0.0212790700,0.0132321570,0.0236403920,0.0281632140
Sep 2019,0.0008455170,0.0002725190,-0.0048745320,-0.0055545250,-0.0061114610,0.0190790510,0.0191375400,0.0218416190,-0.0273132310,0.0132344340,0.0293272670
Oct 2019,0.0008073860,0.0032954360,-0.0049000480,-0.0028091840,0.0015860620,-0.0037904960,0.0266231900,0.0195699680,0.0137084750,-0.0161108120,-0.0154891370
Nov 2019,0.0008221130,-0.0010435350,0.0082196150,-0.0020075110,0.0003410720,0.0318125700,0.0233918130,0.0284260700,0.0226457630,0.0078670710,0.0570165410
Dec 2019,0.0007219530,0.0047340910,-0.0164311290,-0.0028331280,0.0009254520,-0.0202479970,0.0343587400,0.0268566140,-0.0423680700,-0.0004155660,-0.0174236150
Jan 2020,0.0008154970,0.0022973980,0.0232796100,0.0181270340,0.0206817680,0.0488751880,-0.0119843970,-0.0079245490,0.0629828460,0.0803736670,0.0856254950
Feb 2020,0.0007539460,-0.0034194690,0.0085968590,0.0121219550,0.0086056880,-0.0776436120,-0.0814248450,-0.0792204610,-0.0468820730,-0.0636010940,-0.0701905610
Mar 2020,0.0009934480,0.0020367760,-0.0021382050,-0.0172013670,-0.0644764830,-0.2082914710,-0.1349669390,-0.1341858870,-0.3515843690,-0.0787110970,-0.2126754160
Apr 2020,0.0004747100,0.0033270670,-0.0006926750,0.0150254090,0.0361022690,0.0902231490,0.1050584530,0.0977444310,0.1368889780,0.0067615050,0.0659515970
May 2020,0.0000890348,0.0034554430,0.0028538420,0.0026820940,0.0127282920,0.0458292810,0.0414420280,0.0420556920,0.0705053110,0.0160320850,0.0435058050
Jun 2020,0.0000749929,0.0033945110,0.0030939980,0.0048172380,0.0156502060,0.0243283790,0.0296151590,0.0277365610,-0.0121627580,-0.0620863290,-0.0135982090
Jul 2020,0.0000908702,0.0022334330,0.0037206820,0.0103071810,0.0230187520,0.0060253920,0.0515311350,0.0383955530,0.0062683500,-0.0003389470,-0.0440562750
Aug 2020,0.0000929392,0.0017345310,-0.0042202820,-0.0071246230,-0.0068591560,0.0304929780,0.0599400960,0.0562326680,0.0794749730,-0.0272441160,-0.0107901850
Sep 2020,0.0000716699,0.0028201450,0.0107548190,0.0036506270,-0.0000933315,-0.0359477800,-0.0330076260,-0.0279562600,-0.0114543400,0.0182767430,0.0086912490
Oct 2020,0.0001113600,0.0030164770,0.0027858890,-0.0000154048,0.0009334020,0.0188754290,-0.0254907140,-0.0259800710,-0.0027765690,0.0096606070,-0.0103411960
Nov 2020,0.0000702276,0.0006134370,-0.0010873490,0.0053038690,0.0176481560,0.1022812680,0.1214661200,0.1102327980,0.1287535700,0.0179618940,0.1042741990
Dec 2020,0.0000256500,0.0011694620,-0.0027212380,0.0025617750,0.0043297980,0.0131963860,0.0450218260,0.0376259160,0.0060228150,-0.0357398600,0.0181960050
Jan 2021,0.0000123602,-0.0011624130,-0.0041928170,-0.0057182470,-0.0074589420,0.0033173750,-0.0053024230,-0.0021070750,-0.0407026990,-0.0083429270,0.0331944040
Feb 2021,-0.0000045598,0.0004835000,-0.0358088560,-0.0155877410,-0.0150299910,0.0147604290,0.0221440530,0.0241576010,-0.0248135700,-0.0192098470,0.0371312710
Mar 2021,0.0000202679,0.0013507510,0.0080035910,-0.0041621080,-0.0093562610,0.0229636630,0.0250602630,0.0352737230,0.0629809200,0.0900883440,0.1099155590
Apr 2021,0.0000288946,0.0009909030,0.0056216130,0.0024278200,0.0060765930,0.0369739840,0.0422545630,0.0367535890,0.0308409190,0.0148760920,0.0655668340
May 2021,0.0000393576,0.0000243491,0.0026500360,0.0020915920,0.0042841090,0.0230814500,0.0134523420,0.0102258780,0.0177614710,-0.0006264080,0.0140096050
Jun 2021,0.0000261468,0.0021047300,0.0068813640,0.0048668280,0.0102799600,0.0225366320,0.0124756720,0.0218475110,0.0555647520,0.0177493490,0.0841574370
Jul 2021,0.0000299317,0.0009269570,0.0176067390,0.0125376380,0.0121365940,0.0110583280,0.0062508640,0.0070183370,0.0046886960,0.0345955290,0.0977747680
Aug 2021,0.0000152558,-0.0007989500,0.0009121670,-0.0021723340,-0.0017097520,0.0260895710,0.0238448640,0.0261575880,0.0637527600,0.0210942730,0.0304524410
Sep 2021,0.0000055012,-0.0108538920,-0.0151491150,-0.0097294000,-0.0100705620,-0.0188696600,-0.0428876330,-0.0366061530,-0.0194276880,-0.0366474830,-0.0202441410
Oct 2021,-0.0000105823,0.0045678470,-0.0355491350,-0.0026195110,-0.0010841980,0.0009958490,0.0505455670,0.0485072440,0.0060432730,0.0185770620,0.0819444070
Nov 2021,0.0000554682,0.0006616710,0.0208126030,0.0074011460,0.0024016810,-0.0053158030,-0.0242971190,-0.0180524080,0.0395506070,0.0181884210,0.0526344650
Dec 2021,0.0000362854,-0.0017671250,0.0009151460,-0.0044051540,-0.0015204920,0.0265067440,0.0387625540,0.0365746790,0.0524308150,0.0483383650,-0.0186236710
Jan 2022,0.0000502106,-0.0019240030,-0.0101985760,-0.0163746580,-0.0256800720,-0.0645433280,-0.0489600760,-0.0471201400,-0.0944707770,-0.0075143020,-0.0334425890
Feb 2022,0.0000508830,-0.0111634170,-0.0121004640,-0.0129825160,-0.0223074740,0.0208689330,-0.0282402150,-0.0269595630,0.0154507390,-0.0371518220,-0.0767017160
Mar 2022,0.0000338146,-0.0070611110,-0.0374748030,-0.0212807380,-0.0230586640,0.0689729210,0.0177729000,0.0219270750,0.0144377880,0.0446574840,-0.0177385660
Apr 2022,-0.0001597490,-0.0015124230,-0.0148763340,-0.0288263170,-0.0424703720,-0.0083640570,-0.0818092700,-0.0703755390,0.0068804800,0.0073566670,-0.0296709360
May 2022,0.0003485510,-0.0041947900,-0.0088581550,-0.0019353270,0.0006732090,-0.0275959950,-0.0010065890,-0.0021340380,-0.0855124060,-0.0023286380,-0.0064946600
Jun 2022,0.0005025030,0.0093050920,-0.0147974870,-0.0164123860,-0.0275571200,-0.0896636360,-0.0851271720,-0.0769917690,-0.1039088980,-0.0234860640,-0.0937510020
Jul 2022,0.0012271430,-0.0045956380,0.0335661300,0.0248904830,0.0309988820,0.0595449320,0.0686680240,0.0701426810,0.1178212000,0.0462858270,0.1653088400
Aug 2022,0.0015478130,-0.0033617180,-0.0254383080,-0.0271885380,-0.0308152890,0.0117765790,-0.0390218770,-0.0305609890,-0.0363495060,-0.0024910970,-0.0408091660
Sep 2022,0.0014588130,0.0042921630,-0.0136247290,-0.0349707230,-0.0472931590,-0.0629470190,-0.0968281820,-0.0902698790,-0.1356409600,-0.0595958240,-0.0661470620
Oct 2022,0.0024245850,0.0074315270,0.0092673860,-0.0038307180,-0.0061212510,0.0596362340,0.0597844660,0.0608717730,0.0987357590,0.0292586290,0.0937917490
Nov 2022,0.0024910750,-0.0002296640,0.0154862770,0.0236727130,0.0389785700,0.0649067280,0.0752045630,0.0604268830,0.0580715210,0.0127715110,-0.0065332360
Dec 2022,0.0024965840,0.0096364450,-0.0205953410,-0.0130654930,-0.0086888260,-0.0329297630,-0.0408614370,-0.0485951580,-0.0403810050,-0.0285786390,-0.0989472660
Jan 2023,0.0026583470,-0.0021459820,0.0275527980,0.0210037600,0.0294350540,0.0628742270,0.0702574570,0.0622549630,0.0807388840,-0.0215737710,0.0668347070
Feb 2023,0.0024019060,0.0107235900,-0.0132328010,-0.0179739680,-0.0251452220,-0.0254893620,-0.0289774820,-0.0201836140,-0.0036047000,-0.0079036400,0.0706100010
Mar 2023,0.0028394370,0.0031291230,0.0315799330,0.0211132560,0.0203248710,-0.0023609430,0.0291136030,0.0247080800,-0.0683622900,0.0311035850,-0.0628841000
Apr 2023,0.0030449690,-0.0015787170,0.0019296520,0.0040808290,0.0066400000,0.0184750050,0.0129444360,0.0133738140,0.0515562250,0.0273002080,0.0239663980
May 2023,0.0029480770,-0.0045690370,-0.0120524000,-0.0054402200,-0.0096956210,-0.0253122850,-0.0123991430,-0.0031906280,-0.0181240850,-0.0392247640,0.0452727700
Jun 2023,0.0030102200,0.0072618520,-0.0195413480,-0.0016438130,-0.0004815020,0.0173162560,0.0565428110,0.0532884950,-0.0009369600,0.0064483040,0.0123528420
Jul 2023,0.0037329700,0.0074487470,0.0051907680,-0.0004281750,0.0047905790,0.0289447360,0.0354594440,0.0309254160,0.0389215160,0.0120183880,0.0512196060
Aug 2023,0.0036535230,0.0003693100,0.0073956810,-0.0026653280,-0.0047411040,-0.0076376980,-0.0292665780,-0.0218526970,0.0217671800,-0.0234754720,0.0358384730
Sep 2023,0.0033738690,-0.0004631020,-0.0152546740,-0.0183945690,-0.0196167640,-0.0288863040,-0.0428836350,-0.0356977330,-0.0866193650,-0.0431617670,0.0242992470
Oct 2023,0.0033474330,0.0089159260,-0.0184916430,-0.0083436970,-0.0105096500,-0.0380114850,-0.0303190850,-0.0282055180,-0.0571967700,0.0071481950,-0.0629495890
Nov 2023,0.0034994050,0.0104255300,0.0297393990,0.0320100410,0.0408022510,0.0506375760,0.0906323660,0.0777295710,0.1092720240,0.0291372720,0.1004167030
Dec 2023,0.0036910460,0.0041577730,0.0268708260,0.0301626960,0.0353857980,0.0721665670,0.0459587500,0.0382933730,0.1139990920,0.0062918020,0.0380893650
Jan 2024,0.0036962190,0.0020960830,0.0020638160,-0.0031282830,-0.0023296300,0.0110034440,0.0056788640,0.0118554300,0.0121423630,0.0126207940,0.0621683750
Feb 2024,0.0034466400,0.0054347940,-0.0030045120,-0.0080460290,-0.0114957280,0.0098374140,0.0426163040,0.0471702110,0.0475413820,0.0153471440,0.0566043660
Mar 2024,0.0036708590,-0.0015296400,0.0112173560,0.0080982990,0.0111621630,0.0326301950,0.0294159870,0.0329977470,0.0956139950,0.0260907400,0.0322364040
Apr 2024,0.0035233630,0.0050845560,-0.0198444520,-0.0170272640,-0.0191769570,-0.0292355710,-0.0343690970,-0.0279720160,-0.0763923200,-0.0149565450,-0.0126661060
May 2024,0.0037470550,0.0031128330,0.0039316750,0.0077421910,0.0120661680,0.0085082160,0.0383756960,0.0365947930,0.0190516180,0.0147601450,0.0017960570
Jun 2024,0.0035019070,0.0093789780,0.0077289770,0.0078478650,0.0061551190,0.0091614400,0.0210137690,0.0248305620,0.0023368440,-0.0340038240,-0.0003296100
Jul 2024,0.0037371010,0.0067241560,0.0147880100,0.0188220900,0.0206400210,0.0413234170,0.0151077980,0.0113587610,0.0676235760,0.0926243830,0.0781740230
Aug 2024,0.0037786990,0.0047116520,0.0120774830,0.0098532540,0.0108542360,0.0044473570,0.0237517230,0.0159576200,0.0057001730,0.0009933960,-0.0656891670
Sep 2024,0.0035878370,-0.0016476460,0.0030782400,0.0107108180,0.0137023840,0.0307330400,0.0213417540,0.0182651190,0.0645358550,0.0004809400,0.0109328190
Oct 2024,0.0037436510,0.0051195230,-0.0188153830,-0.0150698430,-0.0173511270,-0.0129548740,-0.0220391780,-0.0115598550,-0.0256555870,0.0250575880,0.0770302400
Nov 2024,0.0036074300,0.0060939180,0.0113531790,0.0116156730,0.0127554210,0.0368263940,0.0363746990,0.0411464660,0.0235232560,0.0426297500,0.1296165570
Dec 2024,0.0037660070,0.0047229340,0.0050704840,-0.0085693090,-0.0132121600,-0.0307502680,-0.0236212310,-0.0162669530,-0.0583477570,-0.0199051830,0.0300259800
Jan 2025,0.0038193030,0.0047971520,0.0018788790,0.0038305430,0.0055308070,0.0446359020,0.0326577770,0.0326107780,0.0455988670,0.0054869050,0.0633139570
Feb 2025,0.0033897320,0.0043215010,0.0092740760,0.0119697960,0.0151571720,-0.0379111320,-0.0063820800,-0.0072925420,-0.0612432120,0.0231005010,-0.0487873730
Mar 2025,0.0034701720,0.0074719720,0.0017408690,-0.0043809510,-0.0049769540,-0.0333906850,-0.0415144200,-0.0450583940,-0.0479547770,0.0094017950,-0.1183529620
Apr 2025,0.0035262460,0.0049246970,0.0169962510,0.0094515380,0.0052482440,0.0359794780,0.0068091640,-0.0042219340,0.0629371820,-0.0175350800,-0.0785982180
May 2025,0.0034340230,0.0045513740,0.0016290100,-0.0035920720,0.0010539730,0.0419673610,0.0554265640,0.0565130120,0.0492630910,0.0025493790,0.0330719790
Jun 2025,0.0031822960,0.0024219160,0.0074816220,0.0090576020,0.0122181140,0.0141984590,0.0438289710,0.0388522660,0.0168075440,-0.0169085950,-0.0075029380
Jul 2025,0.0030093060,0.0043494870,-0.0003526830,-0.0015214800,0.0022738270,0.0243317640,0.0129586600,0.0220594980,0.0338284360,0.0268608780,0.0925979380
Aug 2025,0.0032043680,0.0013663340,0.0033472130,0.0049428650,0.0068301390,0.0316437850,0.0234838460,0.0197327650,0.0438895820,-0.0089235960,-0.0388340960
Sep 2025,0.0029290300,0.0027465880,0.0009910870,0.0067974590,0.0101637220,-0.0065122510,0.0356007300,0.0366467350,-0.0291905510,0.0100944740,-0.0451578400
Oct 2025,0.0029643460,-0.0003198580,0.0036103700,0.0074705690,0.0063596020,0.0042132200,0.0222669620,0.0285009250,0.0058763960,-0.0013942500,-0.0146724240
Nov 2025,0.0029587420,0.0006717800,-0.0087897010,0.0017620630,0.0033955060,-0.0263718650,-0.0005415940,0.0010653090,-0.0369671720,0.0292131320,-0.0127551750
Dec 2025,0.0030967470,0.0027311900,-0.0062746630,-0.0023309660,-0.0013865060,0.0136720330,0.0090840120,0.0074374450,0.0197329030,-0.0410213980,0.0060052130
Jan 2026,0.0030383250,0.0034375370,0.0021063210,0.0023048370,0.0039299670,0.0171714270,0.0286763200,0.0245162110,-0.0273134350,-0.0027002370,-0.0744616740
Feb 2026,0.0028355730,-0.0030896590,0.0087985000,0.0139209220,0.0117671880,0.0389259560,0.0110862220,0.0137776580,-0.0327456930,0.0638123470,-0.1475848670